,,,,,,,,,,,,,,,,,,,,,,,,,,,,,,,,,,,,,,,,,,,,,,,,
Date,crop stages,"Days after 
pruning or growth 
stage",Diseases/ Pest /canopy/Nutrints/water/PGR,Management Practices & Application,"Pre-harvest 
Interval 
(PHI in days)", Organic Practices & Application,NUTRIENT DOSE,Organic Nutrients,,,,,,,,,,,,,,,,,,,,,,,,,,,,,,,,,,,,,,,,
01-Mar,Foundation prunning     ,Foundation Prunning,Fungal,"Bordeaux mixture 500 gm +Alphamethrin 10% EC 
 1 ml",,"Neem oil (Azadirachtin 3000 ppm) ? 3 ml
Beauveria bassiana ? 5 g (or 5 ml if liquid formulation)
Trichoderma viride or Bacillus subtilis ? 5 g",,"Trichoderma harzianum ? 5–10 g/L foliar spray or soil drench
Neem oil ? 2–3 ml/L foliar spray
",,,,,,,,,,,,,,,,,,,,,,,,,,,,,,,,,,,,,,,,
02-Mar,,DAY 2,,,,,,,,,,,,,,,,,,,,,,,,,,,,,,,,,,,,,,,,,,,,,,
03-Mar,,DAY 3,,,,,,,,,,,,,,,,,,,,,,,,,,,,,,,,,,,,,,,,,,,,,,
04-Mar,,DAY 4,,,,,,,,,,,,,,,,,,,,,,,,,,,,,,,,,,,,,,,,,,,,,,
05-Mar,,DAY 5,Stem Washing,"Chlorpyrifos 50% EC (Chloro) 1 ml / lit
1000 lit per Acre water",8,"Neem oil (Azadirachtin 3000 ppm) ? 3 ml
Metarhizium anisopliae ? 5 g (or 5 ml if liquid)
Beauveria bassiana (optional, rotate with Metarhizium) ? 5 g or 5 ml",,,,,,,,,,,,,,,,,,,,,,,,,,,,,,,,,,,,,,,,,,
06-Mar,,DAY 6,,,,,,,,,,,,,,,,,,,,,,,,,,,,,,,,,,,,,,,,,,,,,,
07-Mar,,DAY 7,,,,,,,,,,,,,,,,,,,,,,,,,,,,,,,,,,,,,,,,,,,,,,
08-Mar,,DAY 8,,,,,,,,,,,,,,,,,,,,,,,,,,,,,,,,,,,,,,,,,,,,,,
09-Mar,,DAY 9,,,,,,,,,,,,,,,,,,,,,,,,,,,,,,,,,,,,,,,,,,,,,,
10-Mar,Break bud                     ,DAY 10,,,,,,,,,,,,,,,,,,,,,,,,,,,,,,,,,,,,,,,,,,,,,,
11-Mar,,DAY 11,,,,,,,,,,,,,,,,,,,,,,,,,,,,,,,,,,,,,,,,,,,,,,
12-Mar,,DAY 12,,,,,,,,,,,,,,,,,,,,,,,,,,,,,,,,,,,,,,,,,,,,,,
13-Mar,,DAY 13,,,,,,,,,,,,,,,,,,,,,,,,,,,,,,,,,,,,,,,,,,,,,,
14-Mar,,DAY 14,,,,,,,,,,,,,,,,,,,,,,,,,,,,,,,,,,,,,,,,,,,,,,
15-Mar,,DAY 15,,,,,,,,,,,,,,,,,,,,,,,,,,,,,,,,,,,,,,,,,,,,,,
16-Mar,,DAY 16,,,,,,,,,,,,,,,,,,,,,,,,,,,,,,,,,,,,,,,,,,,,,,
17-Mar,,DAY 17,,,,,,,,,,,,,,,,,,,,,,,,,,,,,,,,,,,,,,,,,,,,,,
18-Mar,,DAY 18,,,,,,,,,,,,,,,,,,,,,,,,,,,,,,,,,,,,,,,,,,,,,,
19-Mar,,DAY 19,,,,,,,,,,,,,,,,,,,,,,,,,,,,,,,,,,,,,,,,,,,,,,
20-Mar,,DAY 20,Nuterient Dose,,,,24:24:00 15 kg/ Acre,"Neem cake ? 72 kg 
Rock phosphate ? 18 kg",,,,,,,,,,,,,,,,,,,,,,,,,,,,,,,,,,,,,,,,
21-Mar,,DAY 21,,,,,,,,,,,,,,,,,,,,,,,,,,,,,,,,,,,,,,,,,,,,,,
22-Mar,,DAY 22,,,,,,,,,,,,,,,,,,,,,,,,,,,,,,,,,,,,,,,,,,,,,,
23-Mar,,DAY 23,,,,,,,,,,,,,,,,,,,,,,,,,,,,,,,,,,,,,,,,,,,,,,
24-Mar,,DAY 24,Insect / Fungal,"Lambda-cyhalothrin 5% EC (Karate) 1 ml
 + Propineb 70% WP (Antracol) 2 gm",,"Neem oil (Azadirachtin 3000 ppm) ? 3 ml
Beauveria bassiana ? 5 g (or 5 ml if liquid formulation)
Trichoderma viride / Bacillus subtilis ? 5 g","75 (avoid using 
after fruit set)",,,,,,,,,,,,,,,,,,,,,,,,,,,,,,,,,,,,,,,,,
25-Mar,,DAY 25,,,,,,,,,,,,,,,,,,,,,,,,,,,,,,,,,,,,,,,,,,,,,,
26-Mar,cane thinning            ,DAY 26,,,,,,,,,,,,,,,,,,,,,,,,,,,,,,,,,,,,,,,,,,,,,,
27-Mar,,DAY 27,Udadya beetle,Thiamethoxam 30% FS (Slayer pro) 0.75 ml,,"Neem oil ? 5 ml
Trichoderma viride ? 4 g
Beauveria bassiana or Metarhizium anisopliae ? 4 g",,,,,,,,,,,,,,,,,,,,,,,,,,,,,,,,,,,,,,,,,,
28-Mar,,DAY 28,Nutrient Spray ,"Chelated zinc 0.5 gm 
+ ZNB Essence (Zink and Boron) 1 gm ",,"Seaweed extract (liquid, organic-certified) ? 2–3 ml
Borax (10.5% Boron, naturally mined, permitted in organic in small qty) ? 0.25 g
Jeevamrut / Panchagavya (filtered) ? 20–30 ml",,,,,,,,,,,,,,,,,,,,,,,,,,,,,,,,,,,,,,,,,,
29-Mar,,DAY 29,,,,,,,,,,,,,,,,,,,,,,,,,,,,,,,,,,,,,,,,,,,,,,
30-Mar,,DAY 30,,,,,,,,,,,,,,,,,,,,,,,,,,,,,,,,,,,,,,,,,,,,,,
31-Mar,,DAY 31,Insect / Fungal,"Spinetoram 11.7% SC (Delegate) 120 ml /200 ml 
+  Difenoconazole 25% EC (Score) 0.5 ml
+ Ziram 27% (Kuman L) 2.5 ml",,"Neem oil (Azadirachtin 3000 ppm) ? 3 ml
Beauveria bassiana ? 5 g (or 5 ml liquid formulation)
Trichoderma viride or Bacillus subtilis ? 5 g",,,,,,,,,,,,,,,,,,,,,,,,,,,,,,,,,,,,,,,,,,
01-Apr,,DAY 32,,,,,,,,,,,,,,,,,,,,,,,,,,,,,,,,,,,,,,,,,,,,,,
02-Apr,,DAY 33,,,,,,,,,,,,,,,,,,,,,,,,,,,,,,,,,,,,,,,,,,,,,,
03-Apr,,DAY 34,Insect / Fungal,"Propineb 70% WP (Antracol) 2 gm
+ Abamectin 1.9% EC (Abasin) 0.75 ml",,"Neem oil (Azadirachtin 3000 ppm) ? 3 ml
Verticillium lecanii ? 5 g (or 5 ml liquid formulation)
Bacillus subtilis or Trichoderma viride ? 5 g",,,,,,,,,,,,,,,,,,,,,,,,,,,,,,,,,,,,,,,,,,
04-Apr,,DAY 35,Nutrient Spray ,"Vanita Remedy 1 gm 
+ZNB Essence (Zink and Boron) 1 gm ",,"Seaweed extract (liquid, organic-certified) ? 2 ml
Borax ? 0.25 g
Panchagavya (filtered) ? 20 ml",,,,,,,,,,,,,,,,,,,,,,,,,,,,,,,,,,,,,,,,,,
05-Apr,,DAY 36,Nutrient Spray ,"00-52-34 5 gm
+Magnesium sulfate  3 gm",,"Banana peel extract (K source): 50–100 ml / L
Wood ash filtrate (alkali K source): 20–30 ml / L
Fish amino acid (FAA): 5–10 ml / L (for P + N + trace elements)
Epsom salt (organic grade): 2–3 gm / L (for Mg & S)
Optional: Seaweed extract 2–3 ml / L",,,,,,,,,,,,,,,,,,,,,,,,,,,,,,,,,,,,,,,,,,
06-Apr,,DAY 37,Fungal,"Iprovalicarb 5.5% and Propineb 61.25% w/w WP 
(""Melody Duo,"") 2.5 gm ",,"Trichoderma viride ? 5 g
Bacillus subtilis ? 5 g
Seaweed extract ? 2–3 ml",,,,,,,,,,,,,,,,,,,,,,,,,,,,,,,,,,,,,,,,,,
07-Apr,,DAY 38,"Organic Pesticide + Fungus
/Nuterient Dose","Chlorantraniliprole 0.4% GR. Katyayani Fantastic
 (KTL) 1ml
+ Ziram 27% (Kuman L) 2.5 ml",,"Neem oil / Azadirachtin 3000 ppm ? 3 ml
Beauveria bassiana ? 5 g (or 5 ml liquid)
Trichoderma viride or Bacillus subtilis ? 5 g",Cacium nitrate 5 kg/ acre,"Gypsum ? 4.5 kg 
Blood meal ? 6.5 kg 
Organic Fe spray ? fermented jaggery + Fe-rich soil slurry foliar",,,,,,,,,,,,,,,,,,,,,,,,,,,,,,,,,,,,,,,,
08-Apr,,DAY 39,Nutrient / Fungal,"00-52-34 5 gm
+ Difenoconazole 25% EC (Score) 0.5 ml",,"Seaweed extract ? 2–3 ml
Trichoderma viride or Bacillus subtilis ? 5 g
Banana peel extract / Fish amino acid ? 5–10 ml",,,,,,,,,,,,,,,,,,,,,,,,,,,,,,,,,,,,,,,,,,
09-Apr,,DAY 40, Drenching,Thiamethoxam 30% FS (Slayer pro) 1.5Lit/Acer,,"Neem oil / Azadirachtin 3000 ppm ? 1.5–2 L per acre
Beauveria bassiana ? 500–1000 g per acre (if powder) or 500–1000 ml if liquid",,,,,,,,,,,,,,,,,,,,,,,,,,,,,,,,,,,,,,,,,,
10-Apr,,DAY 41,"Nutrient Spray
  (To Subcane according to stage of plot) ","Magnesium 3gm
+ Feras Salfet 1gm",,"Epsom salt ? 2–3 g
Seaweed extract (organic-certified) ? 2–3 ml
Panchagavya / Jeevamrut (filtered) ? 20 ml",,,,,,,,,,,,,,,,,,,,,,,,,,,,,,,,,,,,,,,,,,
11-Apr,,DAY 42,,,,,,,,,,,,,,,,,,,,,,,,,,,,,,,,,,,,,,,,,,,,,,
12-Apr,,DAY 43,Nutrient / Fungal,"00-52-34 5 gm + Cymoxanil (8%) and Mancozeb
 (64%) (Curzate) 2.5 gm",,"Seaweed extract ? 2–3 ml
Trichoderma viride or Bacillus subtilis ? 5 g
Banana peel extract or Fish amino acid ? 5–10 ml",,,,,,,,,,,,,,,,,,,,,,,,,,,,,,,,,,,,,,,,,,
13-Apr,,DAY 44,,,,,,,,,,,,,,,,,,,,,,,,,,,,,,,,,,,,,,,,,,,,,,
14-Apr,,DAY 45,Nutrient Spray ,"ZNB Essence (Zink and Boron) 1 gm 
Magnesium 3gm
+ Feras Salfet 1gm",,"Epsom salt ? 2–3 g
Seaweed extract (organic-certified) ? 2–3 ml
Borax ? 0.25 g
Panchagavya / Jeevamrut (filtered) ? 20 ml",,,,,,,,,,,,,,,,,,,,,,,,,,,,,,,,,,,,,,,,,,
15-Apr,,DAY 46,Nuterient Dose,"Fluxapyroxad 250 G/L + Pyraclostrobin 250 G/L SC
(BASF Merivon) 80ml/acr",,"Trichoderma viride or Bacillus subtilis ? 5 g
Seaweed extract (organic-certified) ? 2–3 ml
Garlic + Ginger + Chili decoction (5%) ? 50 ml",12:61:00 5 kg+ Feras 1.5 kg,"Neem cake ? 12 kg
Rock phosphate ? 15 kg",,,,,,,,,,,,,,,,,,,,,,,,,,,,,,,,,,,,,,,,
16-Apr,,DAY 47,Nutrient Spray ,"Chelated zinc 0.5 gm 
+ ZNB Essence (Zink and Boron) 1 gm ",,"Seaweed extract (organic-certified) ? 2–3 ml
Borax ? 0.25 g
Zinc-enriched compost tea ? 5–10 ml",,,,,,,,,,,,,,,,,,,,,,,,,,,,,,,,,,,,,,,,,,
17-Apr,,DAY 48,Nutrient Spray ,"00:52:34 2.5 gm
Chelated zinc 0.5 gm 
+ ZNB Essence (Zink and Boron) 1 gm ",,"Seaweed extract (organic-certified) ? 2–3 ml
Banana peel extract or Fish amino acid ? 5–10 ml
Borax ? 0.25 g
Zinc-enriched compost tea ? 5–10 ml",,,,,,,,,,,,,,,,,,,,,,,,,,,,,,,,,,,,,,,,,,
18-Apr,,DAY 49,Nutrient Spray ,"00-52-34 5 gm
+Magnesium 5 gm ",,,,,,,,,,,,,,,,,,,,,,,,,,,,,,,,,,,,,,,,,,,,
19-Apr,,DAY 50,Insect / Fungal,"Propineb 70% WP (Antracol) 2.5 gm
Metiram 44% and Dimethomorph 9% (Acrobat) 1gm
+ Abamectin 1.9% EC (Abasin) 0.75 ml",,"Trichoderma viride or Bacillus subtilis ? 5 g
Neem oil / Azadirachtin ? 3 ml
Garlic + Ginger + Chili decoction (5%) ? 50 ml",,,,,,,,,,,,,,,,,,,,,,,,,,,,,,,,,,,,,,,,,,
20-Apr,,DAY 51,,,,,,,,,,,,,,,,,,,,,,,,,,,,,,,,,,,,,,,,,,,,,,
21-Apr,,DAY 52,,,,,,,,,,,,,,,,,,,,,,,,,,,,,,,,,,,,,,,,,,,,,,
22-Apr,,DAY 53,,,,,,,,,,,,,,,,,,,,,,,,,,,,,,,,,,,,,,,,,,,,,,
23-Apr,,DAY 54,Nuterient Dose,,,,"Magnesium sulfate 10 kg
+ Calcium thiosulfate 10 kg","Kieserite (natural Mg mineral) ? 7 kg (Mg)
Bone meal ? 4 kg (Ca)
Elemental sulfur ? 2.5 kg (S)",,,,,,,,,,,,,,,,,,,,,,,,,,,,,,,,,,,,,,,,
24-Apr,,DAY 55,,,,,,,,,,,,,,,,,,,,,,,,,,,,,,,,,,,,,,,,,,,,,,
25-Apr,,DAY 56,Nutrient Spray ,"Chelated zinc 0.5 gm 
+ ZNB Essence (Zink and Boron) 1 gm ",,"Seaweed extract (organic-certified) ? 2–3 ml
Borax ? 0.25 g
Zinc-enriched compost tea ? 5–10 ml",,,,,,,,,,,,,,,,,,,,,,,,,,,,,,,,,,,,,,,,,,
26-Apr,,DAY 57,,,,,,,,,,,,,,,,,,,,,,,,,,,,,,,,,,,,,,,,,,,,,,
27-Apr,,DAY 58,Nutrient / Fungal," Cymoxanil (8%) and Mancozeb(64%) (Curzate) 
2.5 gm
+ Difenoconazole 25% EC (Score) 0.5 ml
+ 00-52-34 5 gm
+ Magnesium 5 gm ",,"Trichoderma viride or Bacillus subtilis ? 5 g
Seaweed extract ? 2–3 ml
Banana peel extract / Fish amino acid ? 5–10 ml
Epsom salt ? 2–3 g
Garlic + Ginger + Chili decoction (5%) ? 50 ml",,,,,,,,,,,,,,,,,,,,,,,,,,,,,,,,,,,,,,,,,,
28-Apr,,DAY 59,,,,,,,,,,,,,,,,,,,,,,,,,,,,,,,,,,,,,,,,,,,,,,
29-Apr,,DAY 60,Fungal,Sulphur WDG 1.5 gm,,"Bacillus subtilis ? 5 g
Trichoderma viride ? 5 g
Gypsum ? 2–3 g
Seaweed extract ? 2–3 ml
Garlic + Ginger + Chili decoction (5%) ? 50 ml",,,,,,,,,,,,,,,,,,,,,,,,,,,,,,,,,,,,,,,,,,
30-Apr,,DAY 61,,,,,,,,,,,,,,,,,,,,,,,,,,,,,,,,,,,,,,,,,,,,,,
01-May,,DAY 62,,,,,,,,,,,,,,,,,,,,,,,,,,,,,,,,,,,,,,,,,,,,,,
02-May,,DAY 63,Nuterient Dose,,,,00:60:20 7 kg ,"Rock phosphate ? 21 kg
Wood ash ? 20 kg",,,,,,,,,,,,,,,,,,,,,,,,,,,,,,,,,,,,,,,,
03-May,,DAY 64,,,,,,,,,,,,,,,,,,,,,,,,,,,,,,,,,,,,,,,,,,,,,,
04-May,,DAY 65,,,,,,,,,,,,,,,,,,,,,,,,,,,,,,,,,,,,,,,,,,,,,,
05-May,,DAY 66,,,,,,,,,,,,,,,,,,,,,,,,,,,,,,,,,,,,,,,,,,,,,,
06-May,topping                      ,DAY 67,,,,,,,,,,,,,,,,,,,,,,,,,,,,,,,,,,,,,,,,,,,,,,
07-May,,DAY 68,,"Fluopyram 17.7% and Tebuconazole 17.7% (Luna)
200 ml / Acre",,"Trichoderma viride or Bacillus subtilis ? 5 g
Seaweed extract (organic-certified) ? 2–3 ml
Garlic + Ginger + Chili decoction (5%) ? 50 ml
Neem oil ? 1–2 ml",,,,,,,,,,,,,,,,,,,,,,,,,,,,,,,,,,,,,,,,,,
08-May,,DAY 69,,,,,,,,,,,,,,,,,,,,,,,,,,,,,,,,,,,,,,,,,,,,,,
09-May,,DAY 70,,,,,,,,,,,,,,,,,,,,,,,,,,,,,,,,,,,,,,,,,,,,,,
10-May,,DAY 71,Nuterient Dose,,,,"Ferrous 500gm 
+ zink 500gm","Vermicompost ? 25–30 kg (base organic matter, Fe + Zn)
Seaweed powder ? 1–2 kg (Fe + Zn + trace minerals)",,,,,,,,,,,,,,,,,,,,,,,,,,,,,,,,,,,,,,,,
11-May,,DAY 72,Fungal,Sulphur WDG 1.5 gm,,"Bacillus subtilis ? 5 g
Trichoderma viride ? 5 g
Gypsum ? 2–3 g
Seaweed extract ? 2–3 ml
Garlic + Ginger + Chili decoction (5%) ? 50 ml",,,,,,,,,,,,,,,,,,,,,,,,,,,,,,,,,,,,,,,,,,
12-May,,DAY 73,,,,,,,,,,,,,,,,,,,,,,,,,,,,,,,,,,,,,,,,,,,,,,
13-May,,DAY 74,,,,,,,,,,,,,,,,,,,,,,,,,,,,,,,,,,,,,,,,,,,,,,
14-May,,DAY 75,,,,,,,,,,,,,,,,,,,,,,,,,,,,,,,,,,,,,,,,,,,,,,
15-May,,DAY 76,Fungal,"Sulphur WDG 1.5 gm
+ Abamectin 1.9% EC (Abasin) 0.75 ml",,"Trichoderma viride or Bacillus subtilis ? 5 g
Neem oil / Azadirachtin ? 3 ml
Gypsum ? 2–3 g
Seaweed extract ? 2–3 ml
Garlic + Ginger + Chili decoction (5%) ? 50 ml",,,,,,,,,,,,,,,,,,,,,,,,,,,,,,,,,,,,,,,,,,
16-May,,DAY 77,,,,,,,,,,,,,,,,,,,,,,,,,,,,,,,,,,,,,,,,,,,,,,
17-May,,DAY 78,,,,,,,,,,,,,,,,,,,,,,,,,,,,,,,,,,,,,,,,,,,,,,
18-May,,DAY 79,Nuterient Dose,,,,"Calcium thiosulfate 10kg
Mg sulfate 15 kg","Bone meal ? 4 kg (Ca + P)
Kieserite ? 10 kg (Mg)
Elemental sulfur ? 3.3 kg (S)",,,,,,,,,,,,,,,,,,,,,,,,,,,,,,,,,,,,,,,,
19-May,,DAY 80,,Cyazofamid 34.5% SC (Ranman) 2.5 gm,,"Trichoderma viride or Bacillus subtilis ? 5 g
Seaweed extract (organic-certified) ? 2–3 ml
Garlic + Ginger + Chili decoction (5%) ? 50 ml
Neem oil ? 1–2 ml",,,,,,,,,,,,,,,,,,,,,,,,,,,,,,,,,,,,,,,,,,
20-May,,DAY 81,,,,,,,,,,,,,,,,,,,,,,,,,,,,,,,,,,,,,,,,,,,,,,
21-May,,DAY 82,,,,,,,,,,,,,,,,,,,,,,,,,,,,,,,,,,,,,,,,,,,,,,
22-May,,DAY 83,,,,,,,,,,,,,,,,,,,,,,,,,,,,,,,,,,,,,,,,,,,,,,
23-May,,DAY 84,,,,,,,,,,,,,,,,,,,,,,,,,,,,,,,,,,,,,,,,,,,,,,
24-May,,DAY 85,Fungal,"Bordeaux mixture 
Cupric sulfate (Morchut) 2.5 gm 
+  limestone powder 220 gm / 200 lit",,"Trichoderma viride or Bacillus subtilis ? 5 g
Seaweed extract (organic-certified) ? 2–3 ml
Garlic + Ginger + Chili decoction (5%) ? 50 ml
Gypsum or finely powdered dolomite ? 2–3 g",,,,,,,,,,,,,,,,,,,,,,,,,,,,,,,,,,,,,,,,,,
25-May,,DAY 86,,,,,,,,,,,,,,,,,,,,,,,,,,,,,,,,,,,,,,,,,,,,,,
26-May,,DAY 87,Nuterient Dose,,,,00:00:50 7 kg,"Wood ash ? 50 kg (K source)
Gypsum ? 7 kg (S source)",,,,,,,,,,,,,,,,,,,,,,,,,,,,,,,,,,,,,,,,
27-May,,DAY 88,,,,,,,,,,,,,,,,,,,,,,,,,,,,,,,,,,,,,,,,,,,,,,
28-May,,DAY 89,,,,,,,,,,,,,,,,,,,,,,,,,,,,,,,,,,,,,,,,,,,,,,
29-May,,DAY 90,,,,,,,,,,,,,,,,,,,,,,,,,,,,,,,,,,,,,,,,,,,,,,
30-May,,DAY 91,,,,,,,,,,,,,,,,,,,,,,,,,,,,,,,,,,,,,,,,,,,,,,
31-May,,DAY 92,Fungal,"Bordeaux mixture 
Cupric sulfate (Morchut) 2.5 gm 
+  limestone powder 220 gm / 200 lit",,"Trichoderma viride or Bacillus subtilis ? 5 g
Seaweed extract (organic-certified) ? 2–3 ml
Garlic + Ginger + Chili decoction (5%) ? 50 ml
Gypsum or finely powdered dolomite ? 2–3 g",,,,,,,,,,,,,,,,,,,,,,,,,,,,,,,,,,,,,,,,,,
01-Jun,,DAY 93,,,,,,,,,,,,,,,,,,,,,,,,,,,,,,,,,,,,,,,,,,,,,,
02-Jun,,DAY 94,,,,,,,,,,,,,,,,,,,,,,,,,,,,,,,,,,,,,,,,,,,,,,
03-Jun,,DAY 95,Nuterient Dose,,,,00:00:50  7 kg,"Wood ash ? 50 kg (K source)
Gypsum ? 7 kg (S source)",,,,,,,,,,,,,,,,,,,,,,,,,,,,,,,,,,,,,,,,
04-Jun,,DAY 96,,,,,,,,,,,,,,,,,,,,,,,,,,,,,,,,,,,,,,,,,,,,,,
05-Jun,,DAY 97,,,,,,,,,,,,,,,,,,,,,,,,,,,,,,,,,,,,,,,,,,,,,,
06-Jun,,DAY 98,,,,,,,,,,,,,,,,,,,,,,,,,,,,,,,,,,,,,,,,,,,,,,
07-Jun,,DAY 99,,,,,,,,,,,,,,,,,,,,,,,,,,,,,,,,,,,,,,,,,,,,,,
08-Jun,,DAY 100,,,,,,,,,,,,,,,,,,,,,,,,,,,,,,,,,,,,,,,,,,,,,,
09-Jun,,DAY 101,,,,,,,,,,,,,,,,,,,,,,,,,,,,,,,,,,,,,,,,,,,,,,
10-Jun,,DAY 102,,,,,,,,,,,,,,,,,,,,,,,,,,,,,,,,,,,,,,,,,,,,,,
11-Jun,,DAY 103,,,,,,,,,,,,,,,,,,,,,,,,,,,,,,,,,,,,,,,,,,,,,,
12-Jun,,DAY 104,,,,,,,,,,,,,,,,,,,,,,,,,,,,,,,,,,,,,,,,,,,,,,
13-Jun,,DAY 105,Fungal,"Bordeaux mixture 
Cupric sulfate (Morchut) 2.5 gm 
+  limestone powder 220 gm / 200 lit",,"Trichoderma viride or Bacillus subtilis ? 5 g
Seaweed extract (organic-certified) ? 2–3 ml
Garlic + Ginger + Chili decoction (5%) ? 50 ml
Gypsum or finely powdered dolomite ? 2–3 g",,,,,,,,,,,,,,,,,,,,,,,,,,,,,,,,,,,,,,,,,,
14-Jun,,DAY 106,Resting Phase,,,,,,,,,,,,,,,,,,,,,,,,,,,,,,,,,,,,,,,,,,,,,
15-Jun,,DAY 107,Resting Phase,,,,,,,,,,,,,,,,,,,,,,,,,,,,,,,,,,,,,,,,,,,,,
16-Jun,,DAY 108,Resting Phase,,,,,,,,,,,,,,,,,,,,,,,,,,,,,,,,,,,,,,,,,,,,,
17-Jun,,DAY 109,Resting Phase,,,,,,,,,,,,,,,,,,,,,,,,,,,,,,,,,,,,,,,,,,,,,
18-Jun,,DAY 110,Resting Phase,,,,,,,,,,,,,,,,,,,,,,,,,,,,,,,,,,,,,,,,,,,,,
19-Jun,,DAY 111,Resting Phase,,,,,,,,,,,,,,,,,,,,,,,,,,,,,,,,,,,,,,,,,,,,,
20-Jun,,DAY 112,Resting Phase,,,,,,,,,,,,,,,,,,,,,,,,,,,,,,,,,,,,,,,,,,,,,
21-Jun,,DAY 113,Resting Phase,,,,,,,,,,,,,,,,,,,,,,,,,,,,,,,,,,,,,,,,,,,,,
22-Jun,,DAY 114,Resting Phase,,,,,,,,,,,,,,,,,,,,,,,,,,,,,,,,,,,,,,,,,,,,,
23-Jun,,DAY 115,Resting Phase,,,,,,,,,,,,,,,,,,,,,,,,,,,,,,,,,,,,,,,,,,,,,
24-Jun,,DAY 116,Resting Phase,,,,,,,,,,,,,,,,,,,,,,,,,,,,,,,,,,,,,,,,,,,,,
25-Jun,,DAY 117,Resting Phase,,,,,,,,,,,,,,,,,,,,,,,,,,,,,,,,,,,,,,,,,,,,,
26-Jun,,DAY 118,Resting Phase,,,,,,,,,,,,,,,,,,,,,,,,,,,,,,,,,,,,,,,,,,,,,
27-Jun,,DAY 119,Resting Phase,,,,,,,,,,,,,,,,,,,,,,,,,,,,,,,,,,,,,,,,,,,,,
28-Jun,,DAY 120,Resting Phase,,,,,,,,,,,,,,,,,,,,,,,,,,,,,,,,,,,,,,,,,,,,,
29-Jun,,DAY 121,Resting Phase,,,,,,,,,,,,,,,,,,,,,,,,,,,,,,,,,,,,,,,,,,,,,
30-Jun,,DAY 122,Resting Phase,,,,,,,,,,,,,,,,,,,,,,,,,,,,,,,,,,,,,,,,,,,,,
01-Jul,,DAY 123,Resting Phase,,,,,,,,,,,,,,,,,,,,,,,,,,,,,,,,,,,,,,,,,,,,,
02-Jul,,DAY 124,Resting Phase,,,,,,,,,,,,,,,,,,,,,,,,,,,,,,,,,,,,,,,,,,,,,
03-Jul,,DAY 125,Resting Phase,,,,,,,,,,,,,,,,,,,,,,,,,,,,,,,,,,,,,,,,,,,,,
04-Jul,,DAY 126,Resting Phase,,,,,,,,,,,,,,,,,,,,,,,,,,,,,,,,,,,,,,,,,,,,,
05-Jul,,DAY 127,Resting Phase,,,,,,,,,,,,,,,,,,,,,,,,,,,,,,,,,,,,,,,,,,,,,
06-Jul,,DAY 128,Resting Phase,,,,,,,,,,,,,,,,,,,,,,,,,,,,,,,,,,,,,,,,,,,,,
07-Jul,,DAY 129,Resting Phase,,,,,,,,,,,,,,,,,,,,,,,,,,,,,,,,,,,,,,,,,,,,,
08-Jul,,DAY 130,Resting Phase,,,,,,,,,,,,,,,,,,,,,,,,,,,,,,,,,,,,,,,,,,,,,
09-Jul,,DAY 131,Resting Phase,,,,,,,,,,,,,,,,,,,,,,,,,,,,,,,,,,,,,,,,,,,,,
10-Jul,,DAY 132,Resting Phase,,,,,,,,,,,,,,,,,,,,,,,,,,,,,,,,,,,,,,,,,,,,,
11-Jul,,DAY 133,Resting Phase,,,,,,,,,,,,,,,,,,,,,,,,,,,,,,,,,,,,,,,,,,,,,
12-Jul,,DAY 134,Resting Phase,,,,,,,,,,,,,,,,,,,,,,,,,,,,,,,,,,,,,,,,,,,,,
13-Jul,,DAY 135,Resting Phase,,,,,,,,,,,,,,,,,,,,,,,,,,,,,,,,,,,,,,,,,,,,,
14-Jul,,DAY 136,Resting Phase,,,,,,,,,,,,,,,,,,,,,,,,,,,,,,,,,,,,,,,,,,,,,
15-Jul,,DAY 137,Resting Phase,,,,,,,,,,,,,,,,,,,,,,,,,,,,,,,,,,,,,,,,,,,,,
16-Jul,,DAY 138,Resting Phase,,,,,,,,,,,,,,,,,,,,,,,,,,,,,,,,,,,,,,,,,,,,,
17-Jul,,DAY 139,Resting Phase,,,,,,,,,,,,,,,,,,,,,,,,,,,,,,,,,,,,,,,,,,,,,
18-Jul,,DAY 140,Resting Phase,,,,,,,,,,,,,,,,,,,,,,,,,,,,,,,,,,,,,,,,,,,,,
19-Jul,,DAY 141,Resting Phase,,,,,,,,,,,,,,,,,,,,,,,,,,,,,,,,,,,,,,,,,,,,,
20-Jul,,DAY 142,Resting Phase,,,,,,,,,,,,,,,,,,,,,,,,,,,,,,,,,,,,,,,,,,,,,
21-Jul,,DAY 143,Resting Phase,,,,,,,,,,,,,,,,,,,,,,,,,,,,,,,,,,,,,,,,,,,,,
22-Jul,,DAY 144,Resting Phase,,,,,,,,,,,,,,,,,,,,,,,,,,,,,,,,,,,,,,,,,,,,,
23-Jul,,DAY 145,Resting Phase,,,,,,,,,,,,,,,,,,,,,,,,,,,,,,,,,,,,,,,,,,,,,
24-Jul,,DAY 146,Resting Phase,,,,,,,,,,,,,,,,,,,,,,,,,,,,,,,,,,,,,,,,,,,,,
25-Jul,,DAY 147,Resting Phase,,,,,,,,,,,,,,,,,,,,,,,,,,,,,,,,,,,,,,,,,,,,,
26-Jul,,DAY 148,Resting Phase,,,,,,,,,,,,,,,,,,,,,,,,,,,,,,,,,,,,,,,,,,,,,
27-Jul,,DAY 149,Resting Phase,,,,,,,,,,,,,,,,,,,,,,,,,,,,,,,,,,,,,,,,,,,,,
28-Jul,,DAY 150,Resting Phase,,,,,,,,,,,,,,,,,,,,,,,,,,,,,,,,,,,,,,,,,,,,,
29-Jul,,DAY 151,Resting Phase,,,,,,,,,,,,,,,,,,,,,,,,,,,,,,,,,,,,,,,,,,,,,
30-Jul,,DAY 152,Resting Phase,,,,,,,,,,,,,,,,,,,,,,,,,,,,,,,,,,,,,,,,,,,,,
31-Jul,,DAY 153,Resting Phase,,,,,,,,,,,,,,,,,,,,,,,,,,,,,,,,,,,,,,,,,,,,,
01-Aug,,DAY 154,Resting Phase,,,,,,,,,,,,,,,,,,,,,,,,,,,,,,,,,,,,,,,,,,,,,
02-Aug,,DAY 155,Resting Phase,,,,,,,,,,,,,,,,,,,,,,,,,,,,,,,,,,,,,,,,,,,,,
03-Aug,,DAY 156,Resting Phase,,,,,,,,,,,,,,,,,,,,,,,,,,,,,,,,,,,,,,,,,,,,,
04-Aug,,DAY 157,Resting Phase,,,,,,,,,,,,,,,,,,,,,,,,,,,,,,,,,,,,,,,,,,,,,
05-Aug,,DAY 158,Resting Phase,,,,,,,,,,,,,,,,,,,,,,,,,,,,,,,,,,,,,,,,,,,,,
06-Aug,,DAY 159,Resting Phase,,,,,,,,,,,,,,,,,,,,,,,,,,,,,,,,,,,,,,,,,,,,,
07-Aug,,DAY 160,Resting Phase,,,,,,,,,,,,,,,,,,,,,,,,,,,,,,,,,,,,,,,,,,,,,
08-Aug,,DAY 161,Resting Phase,,,,,,,,,,,,,,,,,,,,,,,,,,,,,,,,,,,,,,,,,,,,,
09-Aug,,DAY 162,Resting Phase,,,,,,,,,,,,,,,,,,,,,,,,,,,,,,,,,,,,,,,,,,,,,
10-Aug,,DAY 163,Resting Phase,,,,,,,,,,,,,,,,,,,,,,,,,,,,,,,,,,,,,,,,,,,,,
11-Aug,,DAY 164,Resting Phase,,,,,,,,,,,,,,,,,,,,,,,,,,,,,,,,,,,,,,,,,,,,,
12-Aug,,DAY 165,Resting Phase,,,,,,,,,,,,,,,,,,,,,,,,,,,,,,,,,,,,,,,,,,,,,
13-Aug,,DAY 166,Resting Phase,,,,,,,,,,,,,,,,,,,,,,,,,,,,,,,,,,,,,,,,,,,,,
14-Aug,,DAY 167,Resting Phase,,,,,,,,,,,,,,,,,,,,,,,,,,,,,,,,,,,,,,,,,,,,,
15-Aug,,DAY 168,Resting Phase,,,,,,,,,,,,,,,,,,,,,,,,,,,,,,,,,,,,,,,,,,,,,
16-Aug,,DAY 169,Resting Phase,,,,,,,,,,,,,,,,,,,,,,,,,,,,,,,,,,,,,,,,,,,,,
17-Aug,,DAY 170,Resting Phase,,,,,,,,,,,,,,,,,,,,,,,,,,,,,,,,,,,,,,,,,,,,,
18-Aug,,DAY 171,Resting Phase,,,,,,,,,,,,,,,,,,,,,,,,,,,,,,,,,,,,,,,,,,,,,
19-Aug,,DAY 172,Resting Phase,,,,,,,,,,,,,,,,,,,,,,,,,,,,,,,,,,,,,,,,,,,,,
20-Aug,,DAY 173,Resting Phase,,,,,,,,,,,,,,,,,,,,,,,,,,,,,,,,,,,,,,,,,,,,,
21-Aug,,DAY 174,Resting Phase,,,,,,,,,,,,,,,,,,,,,,,,,,,,,,,,,,,,,,,,,,,,,
22-Aug,,DAY 175,Resting Phase,,,,,,,,,,,,,,,,,,,,,,,,,,,,,,,,,,,,,,,,,,,,,
23-Aug,,DAY 176,Resting Phase,,,,,,,,,,,,,,,,,,,,,,,,,,,,,,,,,,,,,,,,,,,,,
24-Aug,,DAY 177,Resting Phase,,,,,,,,,,,,,,,,,,,,,,,,,,,,,,,,,,,,,,,,,,,,,
25-Aug,,DAY 178,Resting Phase,,,,,,,,,,,,,,,,,,,,,,,,,,,,,,,,,,,,,,,,,,,,,
26-Aug,,DAY 179,Resting Phase,,,,,,,,,,,,,,,,,,,,,,,,,,,,,,,,,,,,,,,,,,,,,
27-Aug,,DAY 180,Resting Phase,,,,,,,,,,,,,,,,,,,,,,,,,,,,,,,,,,,,,,,,,,,,,
28-Aug,,DAY 181,Resting Phase,,,,,,,,,,,,,,,,,,,,,,,,,,,,,,,,,,,,,,,,,,,,,
29-Aug,,DAY 182,Resting Phase,,,,,,,,,,,,,,,,,,,,,,,,,,,,,,,,,,,,,,,,,,,,,
30-Aug,,DAY 183,Resting Phase,,,,,,,,,,,,,,,,,,,,,,,,,,,,,,,,,,,,,,,,,,,,,
31-Aug,,DAY 184,Resting Phase,,,,,,,,,,,,,,,,,,,,,,,,,,,,,,,,,,,,,,,,,,,,,
01-Sep,,DAY 185,Resting Phase,,,,,,,,,,,,,,,,,,,,,,,,,,,,,,,,,,,,,,,,,,,,,
02-Sep,,DAY 186,Resting Phase,,,,,,,,,,,,,,,,,,,,,,,,,,,,,,,,,,,,,,,,,,,,,
03-Sep,,DAY 187,Resting Phase,,,,,,,,,,,,,,,,,,,,,,,,,,,,,,,,,,,,,,,,,,,,,
04-Sep,,DAY 188,Resting Phase,,,,,,,,,,,,,,,,,,,,,,,,,,,,,,,,,,,,,,,,,,,,,
05-Sep,,DAY 189,Resting Phase,,,,,,,,,,,,,,,,,,,,,,,,,,,,,,,,,,,,,,,,,,,,,
06-Sep,,DAY 190,Resting Phase,,,,,,,,,,,,,,,,,,,,,,,,,,,,,,,,,,,,,,,,,,,,,
07-Sep,,DAY 191,Resting Phase,,,,,,,,,,,,,,,,,,,,,,,,,,,,,,,,,,,,,,,,,,,,,
08-Sep,,DAY 192,Resting Phase,,,,,,,,,,,,,,,,,,,,,,,,,,,,,,,,,,,,,,,,,,,,,
09-Sep,,DAY 193,Resting Phase,,,,,,,,,,,,,,,,,,,,,,,,,,,,,,,,,,,,,,,,,,,,,
10-Sep,,DAY 194,Besal Dose and Compost,,,,"Rotted cow dung compost - 1 ton
 Single super phosphate - 250 kg + SOP - 20 kg + Sulphur 50 kg Ferrous sulphate-10 kg + Zinc sulphate - 10 kg Manganese sulphate 5 kg + Magnesium sulphate - 25 kg / acre","Rock phosphate ? 575 kg (P)
Wood ash ? 140 kg (K)
Gypsum ? 320 kg (S + Ca)
Dolomite lime ? 25 kg (Mg + Ca)
Seaweed powder ? 25–30 kg (Fe, Zn, Mn + trace minerals)
Vermicompost / FYM ? 2–3 tons (micronutrient buffer + microbial activity)",,,,,,,,,,,,,,,,,,,,,,,,,,,,,,,,,,,,,,,,
11-Sep,,DAY 195,,,,,,,,,,,,,,,,,,,,,,,,,,,,,,,,,,,,,,,,,,,,,,
12-Sep,,DAY 196,,,,,,,,,,,,,,,,,,,,,,,,,,,,,,,,,,,,,,,,,,,,,,
13-Sep,,DAY 197,,,,,,,,,,,,,,,,,,,,,,,,,,,,,,,,,,,,,,,,,,,,,,
14-Sep,,DAY 198,,,,,,,,,,,,,,,,,,,,,,,,,,,,,,,,,,,,,,,,,,,,,,
15-Sep,,DAY 199,For Leaf Fall,Eithrel  39% 3ml/ lit,,"Banana peel extract (overripe, blended and filtered) ? 50–100 ml
Seaweed extract (organic-certified) ? 2–3 ml
Panchagavya / Jeevamrut (filtered) ? 20 ml",,,,,,,,,,,,,,,,,,,,,,,,,,,,,,,,,,,,,,,,,,
16-Sep,,DAY 200,,,,,,,,,,,,,,,,,,,,,,,,,,,,,,,,,,,,,,,,,,,,,,
17-Sep,,DAY 201,,,,,,,,,,,,,,,,,,,,,,,,,,,,,,,,,,,,,,,,,,,,,,
18-Sep,,DAY 202,,,,,,,,,,,,,,,,,,,,,,,,,,,,,,,,,,,,,,,,,,,,,,
19-Sep,,DAY 203,,,,,,,,,,,,,,,,,,,,,,,,,,,,,,,,,,,,,,,,,,,August to October , ,"Rub off new sprouts emerging after rains.
Prefer spraying non-systemic fungicides (Bordeaux Mixture, copper hydroxide, COC etc.) for the control of 
downy mildew, rust and anthracnose if disease is present on old leaves. 
Spray Sulphur 80 WDG @ 2 g/L. plus Bordeaux mixture 0.5%, if both downy mildew and powdery mildew infection is present
Use of copper fungicides mentioned above should control rust disease also. In case if the disease is found to 
increase, spray systemic fungicides such as, flusilazole 40EC @ 0.025 ml / L.
Spray mineral oil formulation such as HP grape spray oil @ 5.0 to 10 ml/L.
 Such spray oils are not compatible with sulphur and copper fungicides, and captan. Hence ensure that al-least 20 days have passed after the spray of such 
fungicides, before the spray of mineral oil formulations.",
20-Sep,,DAY 204,,,,,,,,,,,,,,,,,,,,,,,,,,,,,,,,,,,,,,,,,,,,,,
21-Sep,,DAY 205,,,,,,,,,,,,,,,,,,,,,,,,,,,,,,,,,,,,,,,,,,,,,,
22-Sep,,DAY 206,,,,,,,,,,,,,,,,,,,,,,,,,,,,,,,,,,,,,,,,,,,,,,
23-Sep,,DAY 207,,,,,,,,,,,,,,,,,,,,,,,,,,,,,,,,,,,,,,,,,,,,,,
24-Sep,,DAY 208,,,,,,,,,,,,,,,,,,,,,,,,,,,,,,,,,,,,,,,,,,,,,,
25-Sep,,DAY 209,,,,,,,,,,,,,,,,,,,,,,,,,,,,,,,,,,,,,,,,,,,,,,
26-Sep,,DAY 210,,,,,,,,,,,,,,,,,,,,,,,,,,,,,,,,,,,,,,,,,,,,,,
27-Sep,,DAY 211,,,,,,,,,,,,,,,,,,,,,,,,,,,,,,,,,,,,,,,,,,,,,,
28-Sep,,DAY 212,,,,,,,,,,,,,,,,,,,,,,,,,,,,,,,,,,,,,,,,,,,,,,
29-Sep,,DAY 213,,,,,,,,,,,,,,,,,,,,,,,,,,,,,,,,,,,,,,,,,,,,,,
30-Sep,,DAY 214,,,,,,,,,,,,,,,,,,,,,,,,,,,,,,,,,,,,,,,,,,,,,,
,          ,"Immediately after 
pruning",Clean cultivation,"
All diseased Plant parts, dead woods, removed barks",,,,,,,,,,,,,,,,,,,,,,,,,,,,,,,,,,,,,,,,,,,,
01-Oct,fruit prunning           ,Day 1 ,,,90-120 ,"Seaweed extract (organic-certified) ? 20–30 ml
Compost tea / Panchagavya (filtered) ? 50–100 ml
Honey / jaggery solution ? 10–20 ml
Neem oil / vegetable oil ? 1 ml (sticker effect)",,,,,,,,,,,,,,,,,,,,,,,,,,,,,,,,,,,,,,,,,,
02-Oct,,Day 2,BUD BREAK,Hydrogen cyanamide (DORMEX) 40/50 ML + CYNABOOST +STICKER,,"Cow dung + clay paste (2:1 ratio) ? applied to pruning cuts as a protective coating.
Beeswax / vegetable-based paste ? seals wounds naturally.",,,,,,,,,,,,,,,,,,,,,,,,,,,,,,,,,,,,,,,,,,
03-Oct,,Day 3,Nutriont / FUNGAL DISEASES,Spray 1% Bordeaux Mixture Within 1-2 Days of pruning,8,,,,,,,,,,,,,,,,,,,,,,,,,,,,,,,,,,,,,,,,,,,
04-Oct,,Day 4,STEAM WASH/MEALYBUG,"chloropyriphos 1ml 
1000 LIT PER ACRE",,,,,,,,,,,,,,,,,,,,,,,,,,,,,,,,,,,,,,,,,,,,
05-Oct,,Day 5,Nutriont ,,14,"Neem oil / Azadirachtin ? 3–5 ml
Bt kurstaki (powder / liquid) ? 1–2 g
Garlic + chili decoction (5%) ? 50 ml
Potassium soap (0.5%) ?",,,,,,,,,,,,,,,,,,,,,,,,,,,,,,,,,,,,,,,,,,
06-Oct,,Day 6,for the control of  FLAE BETTLE/CATREPILER,"Thiamethoxam 30% FS (Slayerpro )0.75ML 
+ DIPLE  1 ML (DiPel® Biological Insecticide contains the Bacillus thuringiensis subsp)",,,,,,,,,,,,,,,,,,,,,,,,,,,,,,,,,,,,,,,,,,,,
07-Oct,,Day 7,Nutriont ,,,,,,,,,,,,,,,,,,,,,,,,,,,,,,,,,,,,,,,,,,,,,
08-Oct,,Day 8,Clean cultivation,The diseased and dried stems should be removed and destroyed.,70,"Trichoderma viride or Bacillus subtilis ? 5 g
Seaweed extract ? 2–3 ml
Garlic + Ginger + Chili decoction (5%) ? 50 ml
Zinc sulfate (organic-approved) or seaweed extract ? 0.5 g / 2–3 ml",,,,,,,,,,,,,,,,,,,,,,,,,,,,,,,,,,,,,,,,,,
09-Oct,,Day 9,POWDER/DOWNY/NUTRION,Copper Oxychloride 50% WP (BLUE COPPER) 1.5GM + ZINC 0.5GM,,,,,,,,,,,,,,,,,,,,,,,,,,,,,,,,,,,,,,,,,,,,
10-Oct,,Day 10,"DOWNY/ANTRACNOSE/PGR

","Carbendazim 12% and Mancozeb 63% WP (SAAF) 1.5GM +CPPU 2ML
(cppu spray depend on stage)
",66,"Trichoderma viride or Bacillus subtilis ? 5 g
Seaweed extract (organic-certified) ? 2–3 ml
Coconut water ? 10–20 ml
Garlic + Ginger + Chili decoction (5%) ? 50 ml
Panchagavya / Jeevamrut (filtered) ? 20 ml",,,,,,,,,,,,,,,,,,,,,,,,,,,,,,,,,,,,,,,,,,
11-Oct,,Day 12,DOWNY/NUTRIONT,"Ziram 27% (Kuman L)2ML 
+ 00.52.34 2GM 
+ SANCHAR 40 2ML","21
","Trichoderma viride or Bacillus subtilis ? 5 g
Seaweed extract (organic-certified) ? 2–3 ml
Panchagavya / Jeevamrut ? 20 ml
Garlic + Ginger + Chili decoction (5%) ? 50 ml
ZNB Essence (Zinc + Boron, organic-approved) ? 1 g",,,,,,,,,,,,,,,,,,,,,,,,,,,,,,,,,,,,,,,,,,
12-Oct,,Day 13,PGR,"(Zineb 75% WP) Z 78 2gm
+CPPU 2ML 
(cppu should be depend on stage)
",,"Trichoderma viride or Bacillus subtilis ? 5 g
Seaweed extract (organic-certified) ? 2–3 ml
Coconut water ? 10–20 ml
Garlic + Ginger + Chili decoction (5%) ? 50 ml
Panchagavya / Jeevamrut (filtered) ? 20 ml",,,,,,,,,,,,,,,,,,,,,,,,,,,,,,,,,,,,,,,,,,
13-Oct,,Day 14, Fungicide seweed," Nurtilam 2 ml
 + (Zineb 75% WP) Z 78   2gm ",,"Trichoderma viride or Bacillus subtilis ? 5 g
Seaweed extract (organic-certified) ? 2–3 ml
Panchagavya / Jeevamrut (filtered) ? 20 ml
Garlic + Ginger + Chili decoction (5%) ? 50 ml
ZNB Essence (Zinc + Boron, organic-approved) ? 1 g",,,,,,,,,,,,,,,,,,,,,,,,,,,,,,,,,,,,,,,,,,
14-Oct,,Day 15,ANTRACNOSE/CATERPILLER,"Propineb 61.25% + Iprovalicarb 5.5% WP(MELODY DUO) 2.5GM 
+Emamectin Benzoate 5% SG( PROCLAIM) 0.375gm","75
30","Trichoderma viride or Bacillus subtilis ? 5 g
Bacillus thuringiensis var. kurstaki (Bt) ? 1–2 g
Neem oil / Azadirachtin ? 3–5 ml
Garlic + Ginger + Chili decoction (5%) ? 50 ml",,,,,,,,,,,,,,,,,,,,,,,,,,,,,,,,,,,,,,,,,,
15-Oct,,Day 16 ,,,,,,,,,,,,,,,,,,,,,,,,,,,,,,,,,,,,,,,,,,,,,,
16-Oct,,Day 17,Spray to kill fungal diseases on the wounds caused to the tree while removing failed shoots.,"AFTER FAIL FOOT -Copper Oxychloride 50% WP (BLUE COPPER) 1.5 gm

","70 
(Use should be 
avoided after 
flowering stage)","Trichoderma viride or Bacillus subtilis ? 5 g
Neem oil ? 1–2 ml
Garlic + Ginger + Chili decoction (5%) ? 50 ml
Seaweed extract ? 2–3 ml",Calcium nitrate 5 kg / acre,"Vermicompost ? 50 kg
Dolomite lime ? 5 kg",,,,,,,,,,,,,,,,,,,,,,,,,,,,,,,,,,,,,,,,
17-Oct,,Day 18 ,"Nutriont /DOWNY/PGR 
(AFTER FAIL FOOT according to stage of plot)",Fluopicolide 4.44% + Fosetyl-Al 66.67% w/w WG (PROFILER) 2.5GM,40,"Trichoderma viride or Bacillus subtilis ? 5 g
Neem oil ? 1–2 ml
Garlic + Ginger + Chili decoction (5%) ? 50 ml
Seaweed extract (organic-certified) ? 2–3 ml
Panchagavya / Jeevamrut ? 20 ml",,,,,,,,,,,,,,,,,,,,,,,,,,,,,,,,,,,,,,,,,,
18-Oct,,Day 19,,,,,,,,,,,,,,,,,,,,,,,,,,,,,,,,,,,,,,,,,,,,,,
19-Oct,,Day 20,PGR ,10 PPM Gibberellic acid + CPPU 2ML ,,"Seaweed extract (organic-certified) ? 2–3 ml
Coconut water ? 10–20 ml
Moringa leaf extract (MLE 5–10%) ? 50 ml
Panchagavya / Jeevamrut (filtered) ? 20 ml",,,,,,,,,,,,,,,,,,,,,,,,,,,,,,,,,,,,,,,,,,
20-Oct,,Day 21,,,,,,,,,,,,,,,,,,,,,,,,,,,,,,,,,,,,,,,,,,,,,,
21-Oct,,Day 22,POWDERY + NUTRITION,Captan 50% WP (CAPTAF) 1gm +Hexaconazole 5% SC (CONTAF) 0.25ML+ ZINC 1GM,70,"Trichoderma viride or Bacillus subtilis ? 5 g
Seaweed extract (organic-certified) ? 2–3 ml
Panchagavya / Jeevamrut (filtered) ? 20 ml
Garlic + Ginger + Chili decoction (5%) ? 50 ml
ZNB Essence (Zinc + Boron, organic-approved) ? 1 g",,,,,,,,,,,,,,,,,,,,,,,,,,,,,,,,,,,,,,,,,,
22-Oct,,Day 23,DOWNY/ Caterpillar,Propineb 61.25% + Iprovalicarb 5.5% WP(MELODY DUO) 2.5GM + Emamectin Benzoate 5% SG(PROCLAIM) 0.375GM,"75
30","Trichoderma viride or Bacillus subtilis ? 5 
Bacillus thuringiensis var. kurstaki (Bt) ? 1–2 g
Neem oil / Azadirachtin ? 3–5 ml
Garlic + Ginger + Chili decoction (5%) ? 50 ml",,,,,,,,,,,,,,,,,,,,,,,,,,,,,,,,,,,,,,,,,,
23-Oct,shoot development       ,Day 24,ANTRACNOSE/THRIPS,Propineb 70% WP (ANTRACOL) 2GM +Difenconazole 25%Ec  (SCORE) 0.5ML + TRM 0.75ML(botanical extracts and alkaloids),"75
 (avoid using after fruit set)","Trichoderma viride or Bacillus subtilis ? 5 g
Neem oil / Azadirachtin ? 3–5 ml
Garlic + Ginger + Chili decoction (5%) ? 50 ml
Seaweed extract (organic-certified) ? 2–3 ml","Mg Nitrate 5 kg+ 
00:60:20 5 kg","Blood meal ? 5 kg (N)
Bone meal ? 14 kg (P + Ca)
Wood ash ? 14 kg (K)
Dolomite lime ? 5 kg (Mg + Ca)",,,,,,,,,,,,,,,,,,,,,,,,,,,,,,,,,,,,,,,,
24-Oct,,Day 25 ,First dipping ,"200 LIit Water +200 ML  DR RICH (pH STABILIZER) + 4 GM  GA( Gibberellic acid)+ 100 gm   (DIMETHOMORPH 50% WP) Acrobat +  20 gm wilbond- (6-deoxytyphasterol and castasterone) 
Hand deep or Dipping machin (ESS)

",,"Trichoderma viride or Bacillus subtilis ? 1–2 kg
Neem oil ? 200–400 ml
Seaweed extract (organic-certified) ? 400–1000 ml
Coconut water ? 2–4 L
Moringa Leaf Extract (5–10%) ? 10–20 L
Panchagavya / Jeevamrut ? 4–6 L
Organic sticker / biodegradable surfactant ? 100–200 ml",,,,,,,,,,,,,,,,,,,,,,,,,,,,,,,,,,,,,,,,,,
25-Oct,,Day 26 ,,,,,,,,,,,,,,,,,,,,,,,,,,,,,,,,,,,,,,,,,,,,,,
26-Oct,,Day 27,DOWNY,Fluopicolide 4.44% + Fosetyl-Al 66.67% ww WG (PROFILER) 2.5GM,40,"Trichoderma viride or Bacillus subtilis ? 5 g
Neem oil ? 1–2 ml
Garlic + Ginger + Chili decoction (5%) ? 50 ml
Seaweed extract (organic-certified) ? 2–3 ml
Panchagavya / Jeevamrut ? 20 ml",,,,,,,,,,,,,,,,,,,,,,,,,,,,,,,,,,,,,,,,,,
27-Oct,,Day 28 ,Field Observations,"Monitor the pests and diseases in the Plot properly and check the soil moisture and give water accordingly. 
Remove and destroy the infected plant parts from the field ",,,,,,,,,,,,,,,,,,,,,,,,,,,,,,,,,,,,,,,,,,,,
28-Oct,,Day 29,,,,,,,,,,,,,,,,,,,,,,,,,,,,,,,,,,,,,,,,,,,,,,
29-Oct,,Day 30,Nutrient Dose,,,,13:40:13 5 kg + Seweed 1 kg  /acre,"Blood meal ? 6 kg (N)
Bone meal ? 9 kg (P)
Wood ash ? 11 kg (K)
Seaweed extract ? 1–2 kg (micronutrients + hormones)",,,,,,,,,,,,,,,,,,,,,,,,,,,,,,,,,,,,,,,,
30-Oct,Flowering,"Day 31
Flowering stage Start",POWDERY + THRIPS,"Tebuconazole 250 EC (25.9% w/w) (FOLICURE) 0.5ML + TRM 0.5ML(botanical extracts and alkaloids)
Just Cracking of Flowering",60,"Trichoderma viride or Bacillus subtilis ? 5 g
Neem oil ? 1–2 ml
Garlic + Ginger + Chili decoction (5%) ? 50 ml
Seaweed extract ? 2–3 ml
Panchagavya / Jeevamrut ? 20 ml",,,,,,,,,,,,,,,,,,,,,,,,,,,,,,,,,,,,,,,,,,
31-Oct,,Day 32,,,,,,,,,,,,,,,,,,,,,,,,,,,,,,,,,,,,,,,,,,,,,,
01-Nov,,Day 33,DOWNY,(Cyazofamid 34.5% SC) RANMAN 80ML /ACRE,45,"Trichoderma viride or Bacillus subtilis ? 5 g
Neem oil ? 1–2 ml
Garlic + Ginger + Chili decoction (5%) ? 50 ml
Seaweed extract ? 2–3 ml
Panchagavya / Jeevamrut ? 20 ml",,,,,,,,,,,,,,,,,,,,,,,,,,,,,,,,,,,,,,,,,,
02-Nov,,Day 34,Field Observations,"Monitor the pests and diseases in the Plot properly and check the soil moisture and give water accordingly. 
Remove and destroy the infected plant parts from the field ",,,,,,,,,,,,,,,,,,,,,,,,,,,,,,,,,,,,,,,,,,,,
03-Nov,,Day 35,Weed Management,"Hand Weeding should be done for weed
 control",,,,,,,,,,,,,,,,,,,,,,,,,,,,,,,,,,,,,,,,,,,,
04-Nov,,Day 36,MEALYBUG,Spirotetramat 150 OD (MOVENTO)  1ML,60,"Neem oil / Azadirachtin ? 2 ml
Beauveria bassiana ? 5 g
Garlic + Chili decoction (5%) ? 50 ml
Insecticidal soap ? 2–3 ml",,,,,,,,,,,,,,,,,,,,,,,,,,,,,,,,,,,,,,,,,,
05-Nov,,Day 37,,,,,"Magnessum sulphet 10 kg 
+ VanitaRemidi gold 3 kg / acre","Dolomite lime ? 10 kg (Mg + Ca)
Gypsum ? 7–8 kg (S + Ca)
Seaweed powder ? 1–2 kg (micronutrients + growth stimulants)
Vermicompost ? 500 kg (microbes + trace elements)",,,,,,,,,,,,,,,,,,,,,,,,,,,,,,,,,,,,,,,,
06-Nov,,Day 38,,,,,,,,,,,,,,,,,,,,,,,,,,,,,,,,,,,,,,,,,,,,,,
07-Nov,,Day 39,,,,,,,,,,,,,,,,,,,,,,,,,,,,,,,,,,,,,,,,,,,,,,
08-Nov,,Day 40,POWDERY + THRIPS,Propineb 70% WP (ANTRACOL) 2GM +Difenconazole 25%Ec  (SCORE) 0.5ML + TRM 0.75ML(botanical extracts and alkaloids,"75
 (avoid using after fruit set)","Trichoderma viride or Bacillus subtilis ? 5 g
Neem oil ? 1–2 ml
Garlic + Ginger + Chili decoction (5%) ? 50 ml
Seaweed extract (organic-certified) ? 2–3 ml
Panchagavya / Jeevamrut ? 20 ml",,,,,,,,,,,,,,,,,,,,,,,,,,,,,,,,,,,,,,,,,,
09-Nov,,Day 41,,,,,,,,,,,,,,,,,,,,,,,,,,,,,,,,,,,,,,,,,,,,,,
10-Nov,,Day 42,,,,,,,,,,,,,,,,,,,,,,,,,,,,,,,,,,,,,,,,,,,,,,
11-Nov,,Day 43,Field Observations,"Monitor the pests and diseases in the Plot properly and check the soil moisture and give water accordingly. 
Remove and destroy the infected plant parts from the field ",,,,,,,,,,,,,,,,,,,,,,,,,,,,,,,,,,,,,,,,,,,,
12-Nov,,Day 44,DOWNY,(Cyazofamid 34.5% SC)RANMAN 80ML /ACRE,45,"Trichoderma viride or Bacillus subtilis ? 5 g
Neem oil ? 1–2 ml
Garlic + Chili + Ginger decoction (5%) ? 50 ml
Seaweed extract (organic-certified) ? 2–3 ml
Panchagavya / Jeevamrut ? 20 ml",,,,,,,,,,,,,,,,,,,,,,,,,,,,,,,,,,,,,,,,,,
13-Nov,,Day 45,,,,Irrigation,Chelated ferrous 500 gm + Chelated zink 500 gm,"Seaweed extract (liquid) ? 3–5 ml/L water
Fermented cow dung + jaggery solution ? 10% spray (enhances Fe uptake)
Optional: organic-certified amino acid Fe/Zn chelates ? 2–3 g/L water",,,,,,,,,,,,,,,,,,,,,,,,,,,,,,,,,,,,,,,,
14-Nov,fruit set                      ,"Day 46
Flowering Stage end","SETTING SPRAY FOR  BERRY SETTING
TO THE HELP OF ESS MACHIN OR CHIMA MACHIN .",18 gm GA (Gibberellic acid ) + 1 Lit  SIZE FAST(Size Fast is an organic plant growth promoter prepared with mixture of hormones derived from natural sources.) + 1 kg urea /  acre ,,"Seaweed extract (organic-certified) ? 3 ml
Moringa Leaf Extract (5–10%) ? 50–100 ml
Coconut water ? 10–20 ml
Panchagavya / Jeevamrut ? 20 ml
Liquid Vermicompost / Compost tea ? 50 ml",,,,,,,,,,,,,,,,,,,,,,,,,,,,,,,,,,,,,,,,,,
15-Nov,,Day 47,,,,,,,,,,,,,,,,,,,,,,,,,,,,,,,,,,,,,,,,,,,,,,
16-Nov,,Day 48,POWDERY/THRIS,Difenconazole 25%Ec (SCORE) 0.5ML + TRM 0.5ML,,"Trichoderma viride or Bacillus subtilis ? 5 g
Neem oil ? 1–2 ml
Garlic + Ginger + Chili decoction (5%) ? 50 ml
Seaweed extract ? 2–3 ml
Panchagavya / Jeevamrut ? 20 ml",,,,,,,,,,,,,,,,,,,,,,,,,,,,,,,,,,,,,,,,,,
17-Nov,,Day 49,,,,,,,,,,,,,,,,,,,,,,,,,,,,,,,,,,,,,,,,,,,,,,
18-Nov,,Day 50,Field Observations,"Monitor the pests and diseases in the Plot properly and check the soil moisture and give water accordingly. 
Remove and destroy the infected plant parts from the field ",,,,,,,,,,,,,,,,,,,,,,,,,,,,,,,,,,,,,,,,,,,,
19-Nov,,Day 51, Nutrient ,,,,"Calcium thiosulfate 10 lit 
+ 00:60:20 5 kg  /acre","Gypsum ? 5 kg (Ca + S)
Bone meal ? 14 kg (P + Ca)
Wood ash ? 15 kg (K)
Seaweed powder ? 1–2 kg (trace micronutrients & growth promoters)",,,,,,,,,,,,,,,,,,,,,,,,,,,,,,,,,,,,,,,,
20-Nov,,Day 52,,,,,,,,,,,,,,,,,,,,,,,,,,,,,,,,,,,,,,,,,,,,,,
21-Nov,,Day 53,,,,,,,,,,,,,,,,,,,,,,,,,,,,,,,,,,,,,,,,,,,,,,
22-Nov,,Day 54,2nd DIPPING ,1 ML  DR RICH (pH STABILIZER) +  50 PPM GA (Gibberellic acid) + 2 ML Efficient CPPU + MAGIC GRO SUPER (Organic Fertilizers To Enhance Plant Growth)+ 1 ml PROCELL (Homobrassinolide 0.03% w/w),,"Seaweed extract (organic-certified) ? 3 ml
Moringa Leaf Extract (5–10%) ? 50–100 ml
Coconut water ? 10–20 ml
Panchagavya / Jeevamrut ? 20 ml
Liquid Vermicompost / Compost tea ? 50 ml
Organic sticker / surfactant ? 1 ml",,,,,,,,,,,,,,,,,,,,,,,,,,,,,,,,,,,,,,,,,,
23-Nov,,Day 55,MEALYBUG,Spirotetramat 150 OD (MOVENTO) 1ML,60,"Neem oil / Azadirachtin ? 2 ml
Beauveria bassiana ? 5 g
Garlic + Chili decoction (5%) ? 50 ml
Insecticidal soap ? 2–3 ml",,,,,,,,,,,,,,,,,,,,,,,,,,,,,,,,,,,,,,,,,,
24-Nov,,Day 56,,,,,,,,,,,,,,,,,,,,,,,,,,,,,,,,,,,,,,,,,,,,,,
25-Nov,,Day 57,Weed Management,Hand Weeding should be done for weed control,,,,,,,,,,,,,,,,,,,,,,,,,,,,,,,,,,,,,,,,,,,,
26-Nov,,Day 58, Nutrient ,,,,24:24:00 15 kg ,"Neem cake ? 72 kg (N)
Rock phosphate ? 18 kg (P)",,,,,,,,,,,,,,,,,,,,,,,,,,,,,,,,,,,,,,,,
27-Nov,,Day 59,Field Observations,"Monitor the pests and diseases in the Plot properly and check the soil moisture and give water accordingly. 
Remove and destroy the infected plant parts from the field ",,,,,,,,,,,,,,,,,,,,,,,,,,,,,,,,,,,,,,,,,,,,
28-Nov,,Day 60,POWDERY,SULFUR 1GM ,,"Trichoderma viride or Bacillus subtilis ? 5 g
Neem oil ? 1–2 ml
Garlic + Chili decoction (5%) ? 50 ml
Potassium bicarbonate ? 1–2 g
Seaweed extract ? 2–3 ml",,,,,,,,,,,,,,,,,,,,,,,,,,,,,,,,,,,,,,,,,,
29-Nov,Berry Thinning,Day 61,AFTER BUNCH THINNING,400 gm Nano Copper,,"Trichoderma viride or Bacillus subtilis ? 5 g
Neem oil ? 1–2 ml
Garlic + Chili decoction (5%) ? 50 ml
Bordeaux mixture (organic-approved) ? 5 g",,,,,,,,,,,,,,,,,,,,,,,,,,,,,,,,,,,,,,,,,,
30-Nov,,Day 62,3rd DIPPING ,50 PPM GA (Gibberellic acid) + 2ML CPPU + 1ML DIMORE + Shine (Herbal Growth Enhancer).,,"Seaweed extract (organic-certified) ? 3 ml
Moringa Leaf Extract (5–10%) ? 50–100 ml
Coconut water ? 10–20 ml
Panchagavya / Jeevamrut ? 20 ml
Herbal decoction (Tulsi/Ginger/Neem/Garlic 5%) ? 50 ml
Liquid Vermicompost / Compost tea ? 50 ml",,,,,,,,,,,,,,,,,,,,,,,,,,,,,,,,,,,,,,,,,,
01-Dec,,Day 63,Water Managenent ,,,,,,,,,,,,,,,,,,,,,,,,,,,,,,,,,,,,,,,,,,,,,
02-Dec,,Day 64,,,,,,,,,,,,,,,,,,,,,,,,,,,,,,,,,,,,,,,,,,,,,,
03-Dec,,Day 65,SEAWEED,50% Seaweed extract (KALPAK) 5ML,,50% Seaweed extract (KALPAK) 5ML,,,,,,,,,,,,,,,,,,,,,,,,,,,,,,,,,,,,,,,,,,
04-Dec,,Day 66, Nutrient ,,,,1 Kg of FULVIC ACID & 1 Kg of HUMIC acid /acre,"Well-decomposed compost ? 200 kg/acre
Leaf mold ? 50 kg/acre
Seaweed extract (liquid) ? 1–2 L foliar spray for micronutrient chelation",,,,,,,,,,,,,,,,,,,,,,,,,,,,,,,,,,,,,,,,
05-Dec,,Day 67,Field Observations,"Monitor the pests and diseases in the Plot properly and check the soil moisture and give water accordingly. 
Remove and destroy the infected plant parts from the field ",,,,,,,,,,,,,,,,,,,,,,,,,,,,,,,,,,,,,,,,,,,,
06-Dec,,Day 68, (DIPPING MACHIN SPRAY),30 gm GA (Gibberellic acid ) + 600 ML PROCELL(Homobrassinolide 0.03% w/w) + 1 Lit CPPU,,"Moringa Leaf Extract (fermented) ? 2–3 L
Seaweed extract (liquid, organic certified) ? 300–400 ml
Tender Coconut Water ? 1–2 L
Banana pseudostem extract ? 1 L
Sprouted grain extract (barley/wheat) ? 500 ml
Panchagavya / Jeevamrut (biofermented) ? 2–3 L",,,,,,,,,,,,,,,,,,,,,,,,,,,,,,,,,,,,,,,,,,
07-Dec,,Day 69,,,,,,,,,,,,,,,,,,,,,,,,,,,,,,,,,,,,,,,,,,,,,,
08-Dec,,Day 70,INSECTS,Bio Insecticide - 100% Organic (METARRIZUM) + white muscardine fungus  (BEAVERIA),,"Beauveria bassiana ? 500 g (or 1 L liquid formulation)
Metarhizium anisopliae ? 500 g (or 1 L liquid formulation)
Neem oil (cold pressed, organic) ? 200–300 ml
Verticillium lecanii ? 500 g (optional for stronger control)",,,,,,,,,,,,,,,,,,,,,,,,,,,,,,,,,,,,,,,,,,
09-Dec,,Day 71,,,,,,,,,,,,,,,,,,,,,,,,,,,,,,,,,,,,,,,,,,,,,,
10-Dec,,Day 72,,,,,,,,,,,,,,,,,,,,,,,,,,,,,,,,,,,,,,,,,,,,,,
11-Dec,,Day 73, Nutrient ,,,,"Mg Sulphte 10 kg /acre
+ 12:61:00    10 kg /acre","Blood meal ? 10 kg (N)
Bone meal ? 28 kg (P)
Dolomite lime ? 10 kg (Mg + Ca)
Gypsum ? 7.5 kg (S + Ca)",,,,,,,,,,,,,,,,,,,,,,,,,,,,,,,,,,,,,,,,
12-Dec,berry Development,Day 74, (DIPPING MACHIN SPRAY),18 gm GA (Gibberellic acid ) + 600 ML PROCELL(Homobrassinolide 0.03% w/w) +1 lit Tulip ( Thiophanate Methyl 70% WP ),73,"Seaweed Extract (liquid) ? 500 ml
Banana pseudostem extract OR Panchagavya ? 2–3 L
Trichoderma viride ? 500 g (wettable powder) OR 1 L liquid formulation
Neem oil (cold-pressed) ? 200 ml + emulsifier (soapnut/aloevera)",,,,,,,,,,,,,,,,,,,,,,,,,,,,,,,,,,,,,,,,,,
13-Dec,,Day 75,POWDERY,SULFUR 1GM SPRAY BY ATR,,"Trichoderma viride – 75 g (powder) OR 150 ml (liquid)
Gypsum powder – 40 g (fine sieve, dissolve in water overnight)
Neem oil (cold pressed) – 30–40 ml + 5 ml soapnut solution (as emulsifier)
Seaweed extract (liquid) – 30 ml",,,,,,,,,,,,,,,,,,,,,,,,,,,,,,,,,,,,,,,,,,
14-Dec,,Day 76,,,,,,,,,,,,,,,,,,,,,,,,,,,,,,,,,,,,,,,,,,,,,,
15-Dec,,Day 77,,,,,,,,,,,,,,,,,,,,,,,,,,,,,,,,,,,,,,,,,,,,,,
16-Dec,,Day 78,Field Observations,"Monitor the pests and diseases in the Plot properly and check the soil moisture and give water accordingly. 
Remove and destroy the infected plant parts from the field ",,,,,,,,,,,,,,,,,,,,,,,,,,,,,,,,,,,,,,,,,,,,
17-Dec,,Day 79,,,,,,,,,,,,,,,,,,,,,,,,,,,,,,,,,,,,,,,,,,,,,,
18-Dec,,Day 80,SEAWEED,50% Seaweed extract (KALPAK) 5ML,,50% Seaweed extract (KALPAK) 5ML,,,,,,,,,,,,,,,,,,,,,,,,,,,,,,,,,,,,,,,,,,
19-Dec,,Day 81,,,,,,,,,,,,,,,,,,,,,,,,,,,,,,,,,,,,,,,,,,,,,,
20-Dec,,Day 82,,,,,,,,,,,,,,,,,,,,,,,,,,,,,,,,,,,,,,,,,,,,,,
21-Dec,,Day 83,,,,,,,,,,,,,,,,,,,,,,,,,,,,,,,,,,,,,,,,,,,,,,
22-Dec,,Day 84,,,,,,,,,,,,,,,,,,,,,,,,,,,,,,,,,,,,,,,,,,,,,,
23-Dec,,Day 85,INSECTS / Nutrient,"Bio Insecticide - 100% Organic (METARRIZUM) 
+ white muscardine fungus  (BEAVERIA)",,"Bio Insecticide - 100% Organic (METARRIZUM) 
+ white muscardine fungus  (BEAVERIA)","00:00:50 10 kg +13:40:13 
7 kg/acre","Blood meal ? 8 kg (N)
Bone meal ? 13 kg (P)
Wood ash ? 86 kg (K)
Gypsum ? 9.5 kg (S + Ca)
Seaweed powder ? 1–2 kg",,,,,,,,,,,,,,,,,,,,,,,,,,,,,,,,,,,,,,,,
24-Dec,,Day 86,Field Observations,"Monitor the pests and diseases in the Plot properly and check the soil moisture and give water accordingly. 
Remove and destroy the infected plant parts from the field ",,,,,,,,,,,,,,,,,,,,,,,,,,,,,,,,,,,,,,,,,,,,
25-Dec,,Day 87,,,,,,,,,,,,,,,,,,,,,,,,,,,,,,,,,,,,,,,,,,,,,,
26-Dec,,Day 88,,,,,,,,,,,,,,,,,,,,,,,,,,,,,,,,,,,,,,,,,,,,,,
27-Dec,,Day 89,,,,,,,,,,,,,,,,,,,,,,,,,,,,,,,,,,,,,,,,,,,,,,
28-Dec,,Day 90,POWDERY,SULFUR 1GM SPRAY BY ATR,,"Trichoderma viride or Bacillus subtilis ? 5 g
Neem oil ? 1–2 ml
Garlic + Chili decoction (5%) ? 50 ml
Potassium bicarbonate ? 1–2 g
Seaweed extract ? 2–3 ml",,,,,,,,,,,,,,,,,,,,,,,,,,,,,,,,,,,,,,,,,,
29-Dec,,Day 91,Paper Rapping,Cover all bunches,,,,,,,,,,,,,,,,,,,,,,,,,,,,,,,,,,,,,,,,,,,,
30-Dec,,Day 92,,,,,,,,,,,,,,,,,,,,,,,,,,,,,,,,,,,,,,,,,,,,,,
31-Dec,,Day 93,,,,,,,,,,,,,,,,,,,,,,,,,,,,,,,,,,,,,,,,,,,,,,
01-Jan,,Day 94,Field Observations,"Monitor the pests and diseases in the Plot properly and check the soil moisture and give water accordingly. 
Remove and destroy the infected plant parts from the field ",,,,,,,,,,,,,,,,,,,,,,,,,,,,,,,,,,,,,,,,,,,,
02-Jan,,Day 95,SEAWEED,kamab 26  2.5ML + phatmasil 2.5ML,,"Pseudomonas fluorescens – 50 g WP or 100 ml liquid
Bacillus subtilis – 50 g WP or 100 ml liquid
Garlic extract – 50 ml (or 25 g crushed soaked overnight)
Neem oil (cold pressed) – 30 ml + 5 ml soapnut solution",,,,,,,,,,,,,,,,,,,,,,,,,,,,,,,,,,,,,,,,,,
03-Jan,,Day 96,,,,,,,,,,,,,,,,,,,,,,,,,,,,,,,,,,,,,,,,,,,,,,
04-Jan,,Day 97,SULFER DUSTING ,10 KG SULFER / ACER,,,,,,,,,,,,,,,,,,,,,,,,,,,,,,,,,,,,,,,,,,,,
05-Jan,,Day 98,,,,,,,,,,,,,,,,,,,,,,,,,,,,,,,,,,,,,,,,,,,,,,
06-Jan,,Day 99, Nutrient,,,,"Potassium schoenite 
10 kg /acre","Banana compost ? 77 kg (K)
Kieserite ? 7 kg (Mg)
Elemental sulfur ? 2 kg (S)
Seaweed extract (liquid) ? 1–2 L",,,,,,,,,,,,,,,,,,,,,,,,,,,,,,,,,,,,,,,,
07-Jan,,Day 100,INSECTS,Bio Insecticide - 100% Organic (METARRIZUM) + white muscardine fungus  (BEAVERIA),,Bio Insecticide - 100% Organic (METARRIZUM) + white muscardine fungus  (BEAVERIA),,,,,,,,,,,,,,,,,,,,,,,,,,,,,,,,,,,,,,,,,,
08-Jan,Ripening,Day 101,,,,,,,,,,,,,,,,,,,,,,,,,,,,,,,,,,,,,,,,,,,,,,
09-Jan,,Day 102,Field Observations,"Monitor the pests and diseases in the Plot properly and check the soil moisture and give water accordingly. 
Remove and destroy the infected plant parts from the field ",,,,,,,,,,,,,,,,,,,,,,,,,,,,,,,,,,,,,,,,,,,,
10-Jan,,Day 103,,,,,,,,,,,,,,,,,,,,,,,,,,,,,,,,,,,,,,,,,,,,,,
11-Jan,,Day 104,,,,,,,,,,,,,,,,,,,,,,,,,,,,,,,,,,,,,,,,,,,,,,
12-Jan,,Day 105,Powdery Mildew,"Sulfer 0.5 gm  
 + Potassium bicarbonate 2.5 gm",,"Trichoderma viride – 75 g WP (or 150 ml liquid)
Bacillus subtilis – 75 g WP (or 150 ml liquid)
Gypsum powder (fine sieved) – 40 g dissolved in water overnight
Neem oil (cold pressed) – 30 ml + 5 ml soapnut solution
Milk whey / buttermilk – 500 ml",,,,,,,,,,,,,,,,,,,,,,,,,,,,,,,,,,,,,,,,,,
13-Jan,,Day 106,,,,,,,,,,,,,,,,,,,,,,,,,,,,,,,,,,,,,,,,,,,,,,
14-Jan,,Day 107,,,,,,,,,,,,,,,,,,,,,,,,,,,,,,,,,,,,,,,,,,,,,,
15-Jan,,Day 108,,,,,,,,,,,,,,,,,,,,,,,,,,,,,,,,,,,,,,,,,,,,,,
16-Jan,,Day 109, Nutrient,,,,"Potassium schoenite 
10 kg /acre","Banana compost ? 77 kg (K)
Kieserite ? 7 kg (Mg)
Elemental sulfur ? 2 kg (S)
Seaweed extract (liquid) ? 1–2 L",,,,,,,,,,,,,,,,,,,,,,,,,,,,,,,,,,,,,,,,
17-Jan,,Day 110,,,,,,,,,,,,,,,,,,,,,,,,,,,,,,,,,,,,,,,,,,,,,,
18-Jan,,Day 111,,,,,,,,,,,,,,,,,,,,,,,,,,,,,,,,,,,,,,,,,,,,,,
19-Jan,,Day 112,,,,,,,,,,,,,,,,,,,,,,,,,,,,,,,,,,,,,,,,,,,,,,
20-Jan,,Day 113,,,,,,,,,,,,,,,,,,,,,,,,,,,,,,,,,,,,,,,,,,,,,,
21-Jan,,Day 114,,,,,,,,,,,,,,,,,,,,,,,,,,,,,,,,,,,,,,,,,,,,,,
22-Jan,,Day 115,Powdery Mildew,"Sulfer 0.5 gm  
 + Potassium bicarbonate 2.5 gm",,"Trichoderma viride – 75 g WP (or 150 ml liquid)
Bacillus subtilis – 75 g WP (or 150 ml liquid)
Gypsum powder (fine sieved) – 40 g dissolved in water overnight
Neem oil (cold pressed) – 30 ml + 5 ml soapnut solution
Milk whey / buttermilk – 500 ml",,,,,,,,,,,,,,,,,,,,,,,,,,,,,,,,,,,,,,,,,,
23-Jan,,Day 116,,,,,,,,,,,,,,,,,,,,,,,,,,,,,,,,,,,,,,,,,,,,,,
24-Jan,,Day 117,,,,,,,,,,,,,,,,,,,,,,,,,,,,,,,,,,,,,,,,,,,,,,
25-Jan,,Day 118,,,,,,,,,,,,,,,,,,,,,,,,,,,,,,,,,,,,,,,,,,,,,,
26-Jan,,Day 119,,,,,,,,,,,,,,,,,,,,,,,,,,,,,,,,,,,,,,,,,,,,,,
27-Jan,,Day 120,,,,,,,,,,,,,,,,,,,,,,,,,,,,,,,,,,,,,,,,,,,,,,
28-Jan,,Day 121,,,,,,,,,,,,,,,,,,,,,,,,,,,,,,,,,,,,,,,,,,,,,,
29-Jan,,Day 122,,,,,,,,,,,,,,,,,,,,,,,,,,,,,,,,,,,,,,,,,,,,,,
30-Jan,,Day 123,,,,,,,,,,,,,,,,,,,,,,,,,,,,,,,,,,,,,,,,,,,,,,
31-Jan,,Day 124,,,,,,,,,,,,,,,,,,,,,,,,,,,,,,,,,,,,,,,,,,,,,,
01-Feb,,Day 125,,,,,,,,,,,,,,,,,,,,,,,,,,,,,,,,,,,,,,,,,,,,,,
02-Feb,,Day 126,,,,,,,,,,,,,,,,,,,,,,,,,,,,,,,,,,,,,,,,,,,,,,
03-Feb,,Day 127,,,,,,,,,,,,,,,,,,,,,,,,,,,,,,,,,,,,,,,,,,,,,,
04-Feb,,Day 128,,,,,,,,,,,,,,,,,,,,,,,,,,,,,,,,,,,,,,,,,,,,,,
05-Feb,,Day 129,,,,,,,,,,,,,,,,,,,,,,,,,,,,,,,,,,,,,,,,,,,,,,
06-Feb,Harvesting Starts,Day 130,Harvesting Starts,,,,,,,,,,,,,,,,,,,,,,,,,,,,,,,,,,,,,,,,,,,,,
07-Feb,,Day 131,,,,,,,,,,,,,,,,,,,,,,,,,,,,,,,,,,,,,,,,,,,,,,
08-Feb,,Day 132,,,,,,,,,,,,,,,,,,,,,,,,,,,,,,,,,,,,,,,,,,,,,,
09-Feb,,Day 133,Resting Phase,,,,,,,,,,,,,,,,,,,,,,,,,,,,,,,,,,,,,,,,,,,,,
10-Feb,,Day 134,Resting Phase,,,,,,,,,,,,,,,,,,,,,,,,,,,,,,,,,,,,,,,,,,,,,
11-Feb,,Day 135,Resting Phase,,,,,,,,,,,,,,,,,,,,,,,,,,,,,,,,,,,,,,,,,,,,,
12-Feb,,Day 136,Resting Phase,,,,,,,,,,,,,,,,,,,,,,,,,,,,,,,,,,,,,,,,,,,,,
13-Feb,,Day 137,Resting Phase,,,,,,,,,,,,,,,,,,,,,,,,,,,,,,,,,,,,,,,,,,,,,
14-Feb,,Day 138,Resting Phase,,,,,,,,,,,,,,,,,,,,,,,,,,,,,,,,,,,,,,,,,,,,,
15-Feb,,Day 139,Resting Phase,,,,,,,,,,,,,,,,,,,,,,,,,,,,,,,,,,,,,,,,,,,,,
16-Feb,,Day 140,Resting Phase,,,,,,,,,,,,,,,,,,,,,,,,,,,,,,,,,,,,,,,,,,,,,
17-Feb,,Day 141,Resting Phase,,,,,,,,,,,,,,,,,,,,,,,,,,,,,,,,,,,,,,,,,,,,,
18-Feb,,Day 142,Resting Phase,,,,,,,,,,,,,,,,,,,,,,,,,,,,,,,,,,,,,,,,,,,,,
19-Feb,,Day 143,Resting Phase,,,,,,,,,,,,,,,,,,,,,,,,,,,,,,,,,,,,,,,,,,,,,
20-Feb,,Day 144,Resting Phase,,,,,,,,,,,,,,,,,,,,,,,,,,,,,,,,,,,,,,,,,,,,,
21-Feb,,Day 145,Resting Phase,,,,,,,,,,,,,,,,,,,,,,,,,,,,,,,,,,,,,,,,,,,,,
22-Feb,,Day 146,Resting Phase,,,,,,,,,,,,,,,,,,,,,,,,,,,,,,,,,,,,,,,,,,,,,
23-Feb,,Day 147,Resting Phase,,,,,,,,,,,,,,,,,,,,,,,,,,,,,,,,,,,,,,,,,,,,,
24-Feb,,Day 148,Resting Phase,,,,,,,,,,,,,,,,,,,,,,,,,,,,,,,,,,,,,,,,,,,,,
25-Feb,,Day 149,Resting Phase,,,,,,,,,,,,,,,,,,,,,,,,,,,,,,,,,,,,,,,,,,,,,
26-Feb,,Day 150,Resting Phase,,,,,,,,,,,,,,,,,,,,,,,,,,,,,,,,,,,,,,,,,,,,,
27-Feb,,Day 151,Resting Phase,,,,,,,,,,,,,,,,,,,,,,,,,,,,,,,,,,,,,,,,,,,,,
28-Feb,,Day 152,Resting Phase,,,,,,,,,,,,,,,,,,,,,,,,,,,,,,,,,,,,,,,,,,,,,
